{
  "project_info": {
    "project_number": "53712256336",
    "firebase_url": "https://proyecto02-firebase.firebaseio.com",
    "project_id": "proyecto02-firebase",
    "storage_bucket": "proyecto02-firebase.appspot.com"
  },
  "client": [
    {
      "client_info": {
        "mobilesdk_app_id": "1:53712256336:android:dd75497faab7e539224055",
        "android_client_info": {
          "package_name": "es.upv.gnd.letslock"
        }
      },
      "oauth_client": [
        {
          "client_id": "53712256336-v70vfkl66h42gku8rgelplpbintrn77h.apps.googleusercontent.com",
          "client_type": 1,
          "android_info": {
            "package_name": "es.upv.gnd.letslock",
            "certificate_hash": "b00e08b0cc4fa7ba052f15fcfc32802d43f70d23"
          }
        },
        {
          "client_id": "53712256336-vric5vfjft1qqs637mmj8derl5189teb.apps.googleusercontent.com",
          "client_type": 1,
          "android_info": {
            "package_name": "es.upv.gnd.letslock",
            "certificate_hash": "18141b48dc35756b2ba614583c315e9a50d6b410"
          }
        },
        {
          "client_id": "53712256336-hk8pac74ejeu2uoe4ku82ve7bssnnn7d.apps.googleusercontent.com",
          "client_type": 1,
          "android_info": {
            "package_name": "es.upv.gnd.letslock",
            "certificate_hash": "4bc1a0e262a9e02b5684f0c0402e5aad2cbd87ed"
          }
        },
        {
          "client_id": "53712256336-o7ikgf0fcftc8r7r7v20abj09n2d1236.apps.googleusercontent.com",
          "client_type": 3
        }
      ],
      "api_key": [
        {
          "current_key": "AIzaSyAlT8t_yDDTA84oSAngCY26CYMlAl52vMg"
        }
      ],
      "services": {
        "appinvite_service": {
          "other_platform_oauth_client": [
            {
              "client_id": "53712256336-o7ikgf0fcftc8r7r7v20abj09n2d1236.apps.googleusercontent.com",
              "client_type": 3
            }
          ]
        }
      }
    }
  ],
  "configuration_version": "1"
}